epoch,validation_mse,in_sample_training_mse,sdl_mape,sdl_mae,sdl_rmse,sdl_unseen_mae,sdl_unseen_mape,dedl_mape,dedl_mae,dedl_rmse,dedl_unseen_mae,dedl_unseen_mape,lr_mape,lr_mae,lr_rmse,lr_unseen_mae,lr_unseen_mape,dedl_ridge_005_mape
0,8.90951470427363,8.850449528712431,98.24917676508784,2.4937045523403385,3.0793943055605286,2.498581892034303,94.9442119046086,11.543727930763223,0.30579226865048487,0.3894259004087607,0.5748689131022939,21.478117158115516,9.388260184917065,0.248207586517231,0.39128079484986905,0.5569346754567616,22.135241483554374,10.988570665591777
1,5.722428347432905,5.634859192422362,87.61997601004651,2.2059343605676522,2.7101084767512416,2.323336317436954,87.19983958954884,9.910923219624133,0.2665957034235064,0.3791716260621109,0.5558394367221522,21.464972690122522,9.388260184917065,0.248207586517231,0.39128079484986905,0.5569346754567616,22.135241483554374,9.367149253576242
5,2.658756236390961,2.574941609877595,16.780911486451444,0.494297938211793,0.6414985754484452,0.6601118225278444,20.570610492105388,7.073121180215594,0.19375134890594342,0.29704624915560485,0.4122600858685183,16.195905090648992,9.388260184917065,0.248207586517231,0.39128079484986905,0.5569346754567616,22.135241483554374,7.266608180183459
10,1.9202607172810051,1.8440915735356753,9.187978261510702,0.271455115761506,0.3781560846661258,0.5257692816037518,20.397968890364517,6.446175162455353,0.1772632553793832,0.27694165787819425,0.37437780577315455,14.739330098075524,9.388260184917065,0.248207586517231,0.39128079484986905,0.5569346754567616,22.135241483554374,7.911215870363068
15,1.4380497742462286,1.3589431865266384,9.046716578153871,0.24819549112215683,0.321954314502966,0.4556617505560938,17.57982431703762,5.830239931081114,0.1615314079292633,0.2600170776610275,0.346712501051867,13.637965088013157,9.388260184917065,0.248207586517231,0.39128079484986905,0.5569346754567616,22.135241483554374,8.323967668179693
20,1.13442226536454,1.0615977091280717,8.702877967402959,0.24211584066285866,0.33288499580690145,0.470410591351476,18.014057606380785,5.5742612599422525,0.1544487299310345,0.25529219103820666,0.33625705408263457,13.302551187295492,9.388260184917065,0.248207586517231,0.39128079484986905,0.5569346754567616,22.135241483554374,8.433809041494564
25,1.0342774821194158,0.9517995398812059,8.728813380774012,0.23703091338936605,0.337496255762864,0.47128630988037506,18.634284826601228,5.591843491735432,0.15383173913082665,0.2547264776531926,0.3343574038936589,13.270592816284458,9.388260184917065,0.248207586517231,0.39128079484986905,0.5569346754567616,22.135241483554374,8.36040907229848
30,0.9915560064047133,0.9044222162841892,8.588483498338503,0.23385809660952586,0.3422712015796996,0.47533645422103943,18.824730495069446,5.559869012131633,0.15317997862274793,0.25409564710254284,0.3333637086169159,13.216920648338284,9.388260184917065,0.248207586517231,0.39128079484986905,0.5569346754567616,22.135241483554374,8.308345231761951
35,0.9675949409537006,0.8726024026175441,7.889763077627402,0.21945488035620284,0.34286978021750875,0.46720317297836517,18.330819679657605,5.548817425663997,0.15359424433456986,0.25457533080335676,0.33459777824652787,13.239550090268576,9.388260184917065,0.248207586517231,0.39128079484986905,0.5569346754567616,22.135241483554374,8.2585013755661
40,0.9560724923880543,0.8520686393539009,8.29973407779177,0.22658533595590127,0.3458315100585566,0.4759564495010622,18.748749203446906,5.526880943285253,0.15299601982265187,0.2538342304619001,0.3334017197557701,13.182615243504243,9.388260184917065,0.248207586517231,0.39128079484986905,0.5569346754567616,22.135241483554374,8.242340239419818
45,0.9383488353202096,0.8276424785536379,7.8239014025246165,0.22235948221939908,0.35103919774172926,0.4759376350513516,18.676074525108977,5.5245696245619635,0.15284650037109118,0.25448671575946796,0.3339916089908826,13.201836587737493,9.388260184917065,0.248207586517231,0.39128079484986905,0.5569346754567616,22.135241483554374,8.21634565826674
50,0.9237507398694054,0.8077914645099165,7.645824459369931,0.21818311710842134,0.3482858661401196,0.46361180375548766,18.01961022277726,5.5226271891959335,0.15287719034604225,0.2541208059961398,0.3336931899397951,13.1895806171843,9.388260184917065,0.248207586517231,0.39128079484986905,0.5569346754567616,22.135241483554374,8.211208476930471
55,0.9020628397376125,0.7810039650596748,7.875732946939704,0.21902475708322622,0.3460739593099735,0.46767974806931684,18.514588206835686,5.529126693844133,0.15316679924640272,0.25487850619289404,0.3346486881785085,13.212004415313233,9.388260184917065,0.248207586517231,0.39128079484986905,0.5569346754567616,22.135241483554374,8.216798014169163
60,0.8706214422781401,0.750691465783041,7.8473325407645955,0.22029783281710588,0.3474389638809181,0.4719647338099952,18.48076476796951,5.585598640211783,0.15463771375737906,0.25702528632284527,0.33793212861079014,13.343145469999154,9.388260184917065,0.248207586517231,0.39128079484986905,0.5569346754567616,22.135241483554374,8.219826870119155
65,0.8330917396551769,0.7119881984969029,7.696460111309644,0.21811827300100223,0.34726184377942426,0.4669041988152127,18.202493839729406,5.596762432587099,0.15543240618988602,0.2593428569004527,0.3409877184259796,13.423370775509547,9.388260184917065,0.248207586517231,0.39128079484986905,0.5569346754567616,22.135241483554374,8.169457181547509
70,0.780296003923831,0.6649828117332318,7.620115711278705,0.2171761560045174,0.34855614926187667,0.46445453093452826,18.08211790671525,5.553241909002407,0.15461071227903897,0.25983701822826716,0.3409884927913736,13.387759159909047,9.388260184917065,0.248207586517231,0.39128079484986905,0.5569346754567616,22.135241483554374,8.121279044472447
75,0.7262591250559989,0.6146187632086675,7.721394813419832,0.2168995175471621,0.3447596179718167,0.4655277380447011,18.21642629090954,5.488688976031294,0.1530867369703187,0.2593947905437867,0.3394593411853342,13.304209437118036,9.388260184917065,0.248207586517231,0.39128079484986905,0.5569346754567616,22.135241483554374,8.091437712577168
80,0.6714186149351715,0.5651337267264148,7.835131360215448,0.2148534530030011,0.3397334411148243,0.46024655575790413,18.252168599314523,5.408419634539444,0.15113267344228518,0.2587325826781706,0.33727048272007276,13.169157056265107,9.388260184917065,0.248207586517231,0.39128079484986905,0.5569346754567616,22.135241483554374,8.042241011056257
85,0.609941210701458,0.5108023082761198,7.698692299045311,0.21319999155139194,0.33882337321441647,0.4570791042509774,17.951504083548837,5.395459739819937,0.15139587408612817,0.2598167304353953,0.33894905884247706,13.203377881357255,9.388260184917065,0.248207586517231,0.39128079484986905,0.5569346754567616,22.135241483554374,8.026858294442793
90,0.5496979751752246,0.45495903179165664,7.640414902676003,0.20926097270846872,0.33088286076075935,0.4481808851278834,17.528001941085368,5.415235996646209,0.15261788039078342,0.2609428145820999,0.34156522507586695,13.279268983671491,9.388260184917065,0.248207586517231,0.39128079484986905,0.5569346754567616,22.135241483554374,8.062569335881257
95,0.4877591699853621,0.3990521714152284,7.471110223092406,0.20829249410138448,0.33224260512541015,0.4470218430342087,17.43864638664184,5.4432476517209745,0.15384184446953084,0.2624144985821052,0.34436397506299105,13.34552142804456,9.388260184917065,0.248207586517231,0.39128079484986905,0.5569346754567616,22.135241483554374,8.071970528888405
100,0.4286669950362821,0.34426677961909846,7.502454900885838,0.20501928200015773,0.32370238212973695,0.43913739933921736,17.01900580044657,5.486918216611073,0.1548602354088688,0.2637344359302735,0.3466597380143876,13.416876571530128,9.388260184917065,0.248207586517231,0.39128079484986905,0.5569346754567616,22.135241483554374,8.065101151734714
105,0.37382936930731947,0.29592655610182567,7.267642550203127,0.2036033023531984,0.32485557207940785,0.4378356185941188,16.84310824298781,5.4624064330260085,0.15423246513221642,0.26312377542648197,0.34538878096166287,13.344115487033955,9.388260184917065,0.248207586517231,0.39128079484986905,0.5569346754567616,22.135241483554374,8.035376871404845
110,0.32694737452986955,0.2550367448345864,7.344725243070194,0.19983253254384795,0.31724433576659117,0.42778904485220676,16.662092767227733,5.47709467668492,0.15435726700880373,0.2627123675491263,0.3447007103860413,13.298205773565359,9.388260184917065,0.248207586517231,0.39128079484986905,0.5569346754567616,22.135241483554374,8.003673668895994
115,0.29107003928144926,0.22482123992784855,7.3305274515400365,0.19746763012118457,0.31268838939910093,0.42207517143071077,16.445687452962026,5.478416924943482,0.15414205375881912,0.26202940847909184,0.3438842027163851,13.249071266202064,9.388260184917065,0.248207586517231,0.39128079484986905,0.5569346754567616,22.135241483554374,7.972559634159579
120,0.2620023360827065,0.20063606858842892,7.64015239000408,0.20161338026931483,0.3094360514532393,0.4222358962866964,16.73326865632773,5.524671462660413,0.155422730930661,0.26402893421135853,0.34639570944922077,13.358049502430793,9.388260184917065,0.248207586517231,0.39128079484986905,0.5569346754567616,22.135241483554374,7.942087736443604
125,0.23712250788542882,0.180993094673594,7.454164142185101,0.19888566505327102,0.3077946781928646,0.42025380101133325,16.423291856873863,5.520101858311312,0.15535194794144314,0.26350834830528835,0.3460250826230107,13.330433452434237,9.388260184917065,0.248207586517231,0.39128079484986905,0.5569346754567616,22.135241483554374,7.900625706278726
130,0.21751876401193818,0.16491251861944686,7.7189615317991,0.20313261224254167,0.3028989164041867,0.4172348374132357,16.32302142840784,5.526184796416559,0.15539308812714267,0.26378206189890024,0.3462767705862584,13.349200678534881,9.388260184917065,0.248207586517231,0.39128079484986905,0.5569346754567616,22.135241483554374,7.861776879393171
135,0.2003153581423727,0.15105371222147507,7.0871693619479785,0.1932884570917439,0.30755615938869657,0.4142727864714626,16.127685236070615,5.548967711463885,0.1563108616254772,0.2644008346284239,0.3476167900928259,13.37796168530593,9.388260184917065,0.248207586517231,0.39128079484986905,0.5569346754567616,22.135241483554374,7.818091385861527
140,0.18799893366016732,0.1410100342832193,7.242547914995533,0.1917000588903169,0.2996956963069755,0.4072948694762178,15.90536172851882,5.536595088883144,0.15598570170979872,0.26406773640266085,0.34707507389045184,13.369450643477576,9.388260184917065,0.248207586517231,0.39128079484986905,0.5569346754567616,22.135241483554374,7.77669236316483
145,0.18026291328502667,0.13495397600420594,7.20319641989459,0.19188701957321383,0.3004323660058717,0.4080327883845874,16.04179787455947,5.545700791747856,0.15601316125238338,0.26357380974952693,0.34685257465114283,13.370593913171502,9.388260184917065,0.248207586517231,0.39128079484986905,0.5569346754567616,22.135241483554374,7.742535674989745
150,0.17321642026600786,0.12979569433971708,7.330528235243483,0.19530229203089272,0.3003669695271116,0.41075105354504887,16.06195191703561,5.5436332365237915,0.15572396623918852,0.2634035961388614,0.34646762551362276,13.375866400564412,9.388260184917065,0.248207586517231,0.39128079484986905,0.5569346754567616,22.135241483554374,7.695895012051815
155,0.16813816859694714,0.125739065541755,7.091617231129652,0.18914914729437646,0.2975039109697243,0.4037126142581358,15.811805221147225,5.5189548299062325,0.15518881598731862,0.2625470066569283,0.3451307160994683,13.338214666615686,9.388260184917065,0.248207586517231,0.39128079484986905,0.5569346754567616,22.135241483554374,7.647753029492678
160,0.16607900785791774,0.12329611761746889,6.947379477880706,0.18831217047741494,0.2974510002556962,0.40397587034427085,15.725568471732531,5.506145746448805,0.15495192172031763,0.2623489536279969,0.34492803919004383,13.348809488668872,9.388260184917065,0.248207586517231,0.39128079484986905,0.5569346754567616,22.135241483554374,7.602326947915547
165,0.16242644699002567,0.11998536078541948,6.855996388929039,0.18638172016956855,0.29582394706174087,0.3998025486958026,15.47256571340461,5.489561770251355,0.15423515718036698,0.2609819033107251,0.34310378983211365,13.264368959302148,9.388260184917065,0.248207586517231,0.39128079484986905,0.5569346754567616,22.135241483554374,7.545688584650648
170,0.16191033669999688,0.11832820334056314,7.3271366300255725,0.1933726897768039,0.2913804088260977,0.4006090316189552,15.537796196287252,5.464426251466962,0.15335844787312158,0.26026451115080346,0.3415855628151725,13.229790539839204,9.388260184917065,0.248207586517231,0.39128079484986905,0.5569346754567616,22.135241483554374,7.497799165018273
175,0.15746744228693063,0.1151919179231056,6.902878724657816,0.18485476678731225,0.292312637694899,0.39600250235692497,15.492576374884543,5.460997522030122,0.15337636490047982,0.25937072942305633,0.34106100142556284,13.192998597571373,9.388260184917065,0.248207586517231,0.39128079484986905,0.5569346754567616,22.135241483554374,7.453041644749437
180,0.1562725130091669,0.11321210975115044,6.844141018887218,0.1850123885818615,0.2926900933842936,0.39663257101376953,15.586471871299434,5.448728727732092,0.15301586369392048,0.25883721037546786,0.34048144968060295,13.188584767587908,9.388260184917065,0.248207586517231,0.39128079484986905,0.5569346754567616,22.135241483554374,7.408571785228302
185,0.15475759937040287,0.11150321805744917,6.936140352934843,0.1864645398631388,0.29100634815172854,0.39631865627359314,15.470960715201294,5.439681357241632,0.1525964205134675,0.25799252794119265,0.33954473357502074,13.144096586726505,9.388260184917065,0.248207586517231,0.39128079484986905,0.5569346754567616,22.135241483554374,7.3591273723622574
190,0.15352606069924415,0.10987660023078276,6.969421247936921,0.18763847693567623,0.28883858484162056,0.3950654922510351,15.382497989321383,5.4052703952844965,0.1516821976356914,0.25694070818914133,0.3378000098563129,13.092729280343773,9.388260184917065,0.248207586517231,0.39128079484986905,0.5569346754567616,22.135241483554374,7.314674905831538
195,0.1532185092372166,0.10875034613074296,6.708408175087288,0.18285846335225717,0.29032967651762376,0.3933526473112707,15.2271526591609,5.430904804547996,0.15207284758279682,0.2567531988382661,0.33804278122928544,13.088312243330439,9.388260184917065,0.248207586517231,0.39128079484986905,0.5569346754567616,22.135241483554374,7.265188261191124
200,0.1537859688243939,0.1079347868702663,6.881979007443902,0.1828267257390543,0.28571868688835667,0.3880950751900303,15.233004238715091,5.415107816188256,0.1515680557785504,0.25580935934454246,0.33674174037816473,13.050280437708961,9.388260184917065,0.248207586517231,0.39128079484986905,0.5569346754567616,22.135241483554374,7.224199112400786
205,0.15097271511804702,0.10530593834489176,6.875494843988992,0.1831062242436358,0.28367214474970187,0.3862470390723895,15.165260204110782,5.4140225983595425,0.1516857493466521,0.25607308208067747,0.33707921720186534,13.068386913576486,9.388260184917065,0.248207586517231,0.39128079484986905,0.5569346754567616,22.135241483554374,7.1803406151861635
210,0.14966735229390446,0.10412890167470858,6.529670756189502,0.1778179552821381,0.2848647136841429,0.38144558061308365,14.839138945438284,5.377409954065086,0.15086848360250762,0.2545615985679602,0.3351495539505002,12.985552734183026,9.388260184917065,0.248207586517231,0.39128079484986905,0.5569346754567616,22.135241483554374,7.12888116545175
215,0.14956558209734175,0.1033901774713952,6.805149907019378,0.18111923004702407,0.28121941869456546,0.38244358954688135,15.0487576919348,5.3722360249035175,0.15054600895948236,0.2540258626296847,0.3344207688607246,12.958341003682621,9.388260184917065,0.248207586517231,0.39128079484986905,0.5569346754567616,22.135241483554374,7.099002029975223
220,0.14803297548696268,0.10195316297672728,6.562078066403898,0.17736784556379495,0.28012051726978177,0.3803332343120083,14.70130349218712,5.338562474325294,0.14976538770550876,0.2532282789195266,0.3331346542063957,12.909011012647586,9.388260184917065,0.248207586517231,0.39128079484986905,0.5569346754567616,22.135241483554374,7.045515888076401
225,0.14846133820154922,0.10129090988694076,6.52376376287674,0.17621798984428416,0.2799803227289442,0.3788573093681169,14.674273032746763,5.350881830011476,0.1498862517517297,0.2528482067900722,0.33293560469588307,12.901331001656462,9.388260184917065,0.248207586517231,0.39128079484986905,0.5569346754567616,22.135241483554374,7.005200495247956
230,0.14736970525360998,0.09965490638338874,6.6441081671321305,0.17837385541261086,0.27568019521651227,0.3759495992683532,14.636000834524815,5.325675533284262,0.14937035768894294,0.25232768396527283,0.3319763474791634,12.876949166965018,9.388260184917065,0.248207586517231,0.39128079484986905,0.5569346754567616,22.135241483554374,6.96918633903713
235,0.14736292667837217,0.09909803193025361,6.662271104894546,0.17848471849688993,0.27580070697122416,0.37571592285915195,14.750786286351447,5.33078793011533,0.14954279974748363,0.2525673266220634,0.3322286823908056,12.883796906324191,9.388260184917065,0.248207586517231,0.39128079484986905,0.5569346754567616,22.135241483554374,6.918513478042677
240,0.1471422528958277,0.09833734451966167,6.6659890177823184,0.1746783644970715,0.26825836177735723,0.36493918423419475,14.290867221999044,5.310082453679535,0.1489198675203978,0.25121528179064706,0.33059884130545386,12.824470288222606,9.388260184917065,0.248207586517231,0.39128079484986905,0.5569346754567616,22.135241483554374,6.886024213313877
245,0.14695317007180234,0.09756389421607933,6.325263362035353,0.17448832136691506,0.27592693094963244,0.37541331568560143,14.35991640800034,5.3025607623326065,0.14873605259314196,0.2511603677076025,0.33049535570130045,12.808371743931133,9.388260184917065,0.248207586517231,0.39128079484986905,0.5569346754567616,22.135241483554374,6.841814072577751
250,0.1459736494168299,0.09652920923918075,6.455096575866473,0.17387296589774323,0.27155620549370224,0.36909924440209324,14.386538177486363,5.283200092846159,0.1482965687356288,0.2504876346677856,0.32943483009086066,12.791669986792446,9.388260184917065,0.248207586517231,0.39128079484986905,0.5569346754567616,22.135241483554374,6.804403123466017
255,0.145155522441403,0.09573381155195622,6.0931286190625045,0.16895652861250646,0.27192441485773233,0.3641845323786927,13.88586803569356,5.271900298652903,0.14799011900779777,0.24965240305776995,0.32851145248078145,12.72765449200883,9.388260184917065,0.248207586517231,0.39128079484986905,0.5569346754567616,22.135241483554374,6.760250039319359
260,0.14579098907028123,0.09511563859205154,6.265741503777567,0.16995296464870333,0.27036412057028175,0.36609863337081405,14.129930522266154,5.261886763761122,0.14766515833752994,0.2491747905371391,0.32791011644948304,12.70126665153963,9.388260184917065,0.248207586517231,0.39128079484986905,0.5569346754567616,22.135241483554374,6.719998081773433
265,0.14462299604458817,0.09397189485278629,6.180913696246431,0.16529548819811257,0.26438937103522164,0.3544008030525629,13.826633265528478,5.260967263884156,0.1474625800579494,0.24798406293355185,0.32706963285817514,12.664474661050804,9.388260184917065,0.248207586517231,0.39128079484986905,0.5569346754567616,22.135241483554374,6.69725738223907
270,0.14518289872856413,0.09399194566058383,6.186281610222714,0.16879933825057486,0.26748650210877034,0.36305558702860424,13.885458297192663,5.216520314509707,0.14649644488932317,0.24738181471901696,0.32542577090673946,12.589683710245858,9.388260184917065,0.248207586517231,0.39128079484986905,0.5569346754567616,22.135241483554374,6.650211166277568
275,0.14431988308679702,0.09271547325946511,6.426383935050955,0.17400311114924186,0.2677849159765072,0.36639447792622387,14.12754018553459,5.228468555291047,0.1467543316402675,0.24783518652762557,0.32600797796843556,12.636020912159907,9.388260184917065,0.248207586517231,0.39128079484986905,0.5569346754567616,22.135241483554374,6.611847031373472
280,0.14432762821310063,0.09252315278305032,6.296454503219964,0.17021452531865416,0.26404030305608756,0.35954260317572606,13.977802868640921,5.166921546084716,0.14535205419638753,0.24564385315445886,0.3230513536117155,12.505268799952162,9.388260184917065,0.248207586517231,0.39128079484986905,0.5569346754567616,22.135241483554374,6.5836046235165036
285,0.1430383101366504,0.0912071551988042,6.093924028493678,0.16465814192631506,0.26116536515684896,0.35307760803341665,13.678073019118294,5.186101038034609,0.14595775059089297,0.24625422123155633,0.32401302133211246,12.537553113868286,9.388260184917065,0.248207586517231,0.39128079484986905,0.5569346754567616,22.135241483554374,6.542954078172911
290,0.14325049607470386,0.09097516486601522,6.183138981271642,0.16733647860345421,0.2614200042050606,0.35510706641189566,13.804359351955192,5.169232072297196,0.14545868042128993,0.2455214351143233,0.32291442330995496,12.485198261869247,9.388260184917065,0.248207586517231,0.39128079484986905,0.5569346754567616,22.135241483554374,6.510487661051187
295,0.14304320139375443,0.09004337195433881,6.071909541257109,0.1629903595006748,0.25979418420256156,0.35008485858398397,13.6848549017896,5.186696009711632,0.1456755542673335,0.2452441625583288,0.3231850953241265,12.520733664024164,9.388260184917065,0.248207586517231,0.39128079484986905,0.5569346754567616,22.135241483554374,6.485322449854067
300,0.14227641862836515,0.08936249444454732,5.936853065003154,0.16327310625815653,0.26153396791887695,0.3529898432333714,13.460645227090312,5.14718510313954,0.1447523847827064,0.244237315800249,0.3213990303780267,12.422536971181309,9.388260184917065,0.248207586517231,0.39128079484986905,0.5569346754567616,22.135241483554374,6.439512957374774
305,0.14293636443476257,0.08951868729861484,5.951592313593742,0.16309947327199806,0.26105395169358353,0.3524519511409807,13.670778066088241,5.136609681647235,0.14456426890691418,0.2437669983284293,0.321042080978479,12.41823098147249,9.388260184917065,0.248207586517231,0.39128079484986905,0.5569346754567616,22.135241483554374,6.407153679570514
310,0.14319624712435797,0.08861116784512671,6.240885216280376,0.16687714986546826,0.25742056620363796,0.3503704595698946,13.701751811649626,5.1318115568613525,0.14424238926614683,0.24330211013997308,0.3202274496192326,12.40394237643805,9.388260184917065,0.248207586517231,0.39128079484986905,0.5569346754567616,22.135241483554374,6.377878914904149
315,0.14249409864616108,0.08815408628500514,5.952978744611754,0.1617123152304448,0.2580279521378378,0.3482140100366203,13.552237674995556,5.117109800699242,0.14418093613669902,0.24313377454290566,0.3199040153303368,12.382367181659873,9.388260184917065,0.248207586517231,0.39128079484986905,0.5569346754567616,22.135241483554374,6.3436137278582505
320,0.14306221701419639,0.08765508339110618,5.991016249562074,0.16002090644917458,0.25271141772681505,0.34187853372609767,13.15319309120444,5.110176189351603,0.14367419113354352,0.24219658148528725,0.3188237678945956,12.328890018756047,9.388260184917065,0.248207586517231,0.39128079484986905,0.5569346754567616,22.135241483554374,6.310871716224861
325,0.14212202226982493,0.08705588071068707,5.8253226080103175,0.1600303532528297,0.25768496115843353,0.345887769207359,13.316078501632338,5.0826616230750705,0.14308794423752327,0.2411965791090571,0.3175403103931915,12.264761071273625,9.388260184917065,0.248207586517231,0.39128079484986905,0.5569346754567616,22.135241483554374,6.278230017075422
330,0.1417312660223644,0.08660121338537134,5.747639246367848,0.1569938869342035,0.2536986687918117,0.3380093152142504,13.00263926535832,5.1031785375092715,0.14364551410229195,0.241747321165589,0.31847202199072144,12.313747593534227,9.388260184917065,0.248207586517231,0.39128079484986905,0.5569346754567616,22.135241483554374,6.251786778573866
335,0.1412388820174456,0.08569912822071582,5.953099327078496,0.1610147002439535,0.25285612076121566,0.34282489828934964,13.290236728315307,5.075201611749026,0.1429050748519769,0.24083556378618257,0.3171479006629751,12.255361007558644,9.388260184917065,0.248207586517231,0.39128079484986905,0.5569346754567616,22.135241483554374,6.221538573035677
340,0.1422573267012601,0.08581325958879812,5.728834138485454,0.15511213667115803,0.25025152837151443,0.3337272356183485,12.908438940037867,5.084607197672203,0.14303715378589654,0.24059847869736412,0.3170512461142809,12.245880207807783,9.388260184917065,0.248207586517231,0.39128079484986905,0.5569346754567616,22.135241483554374,6.190069225352081
345,0.14158938904368176,0.08504754704339966,5.630184725982514,0.15611357262462736,0.2535005706485855,0.33714347698458463,12.914337555125291,5.039906078211585,0.14217885066194985,0.23978776543871586,0.31557547183482154,12.191936462280335,9.388260184917065,0.248207586517231,0.39128079484986905,0.5569346754567616,22.135241483554374,6.155184225749415
350,0.14246470531953892,0.08488313267997931,5.800752612619133,0.15752738001185326,0.25351560138923096,0.3406874720089223,13.318208392315015,5.031099743604678,0.14185757952039288,0.23915242057645228,0.3147641304873691,12.164786571885463,9.388260184917065,0.248207586517231,0.39128079484986905,0.5569346754567616,22.135241483554374,6.128006684437559
355,0.14122916563567886,0.08504723283119178,5.592420903068762,0.15449543851868058,0.24942223767420998,0.33409675331544975,12.758212330882873,4.986634790859545,0.14084608189456108,0.23780841209426573,0.3126603374597581,12.063595285796513,9.388260184917065,0.248207586517231,0.39128079484986905,0.5569346754567616,22.135241483554374,6.0982465281805975
360,0.14086847421347568,0.08390533141530365,5.860348632073616,0.1586578697977048,0.24743587429348596,0.3359714401913518,13.023114772318262,4.984733888274763,0.14073072283362847,0.2378051877984881,0.3125951454183588,12.070436979333703,9.388260184917065,0.248207586517231,0.39128079484986905,0.5569346754567616,22.135241483554374,6.072216834828377
365,0.14177112862316246,0.08387715403997148,5.665991423468679,0.15421841345774542,0.24748982888842314,0.333555171546368,12.827417435840168,4.965662593439781,0.1403621827114861,0.2371573989346188,0.3117472974923689,12.041089816418335,9.388260184917065,0.248207586517231,0.39128079484986905,0.5569346754567616,22.135241483554374,6.042571517407227
370,0.14063730063409005,0.08335139789801346,5.682043656497565,0.15509714081214623,0.2466601559227218,0.33308552363278066,12.899440670309254,4.972685934638825,0.1403773983971936,0.23681384934840463,0.311586736174056,12.023815313950209,9.388260184917065,0.248207586517231,0.39128079484986905,0.5569346754567616,22.135241483554374,6.019137541659641
375,0.14034943629113966,0.0826703146809492,5.550699184340758,0.15326312768805742,0.24791015957769683,0.33206629646178726,12.774914549429395,4.972446621638645,0.14023596915234013,0.23630011400196146,0.3112053815242384,12.007045065264386,9.388260184917065,0.248207586517231,0.39128079484986905,0.5569346754567616,22.135241483554374,5.992134593902996
380,0.14137698944697163,0.08281987743137859,5.6484161264329495,0.15246382143355383,0.24430788239514376,0.32894473055725776,12.70303593888463,4.934548758727645,0.1392086794135622,0.23474234166546878,0.30914404793370204,11.927712725840776,9.388260184917065,0.248207586517231,0.39128079484986905,0.5569346754567616,22.135241483554374,5.967409878398492
385,0.14069627551043665,0.08266811519549407,5.386933401811598,0.14987873243489774,0.24471083198638174,0.3239144636405937,12.44527802090704,4.944846529217696,0.1397112757301249,0.23542342180295875,0.3101730565898479,11.962317369785158,9.388260184917065,0.248207586517231,0.39128079484986905,0.5569346754567616,22.135241483554374,5.939976316141906
390,0.14079459410227224,0.08149065806868738,5.551070022161932,0.15304872445721943,0.24580215893448523,0.3322991983844095,12.5582644342303,4.913107421053642,0.138853076289538,0.2347718109900348,0.3085414725485009,11.90845761431443,9.388260184917065,0.248207586517231,0.39128079484986905,0.5569346754567616,22.135241483554374,5.904975433647897
395,0.14039920349680676,0.08120473852263731,5.502462990312164,0.15109733432224884,0.24531487058322177,0.3272636908828041,12.77786231245408,4.911419313468405,0.13873998760108222,0.23388632690420652,0.3079621180858518,11.882538320672676,9.388260184917065,0.248207586517231,0.39128079484986905,0.5569346754567616,22.135241483554374,5.886859354210496
400,0.14149288400687224,0.08103275593999416,5.471216028166563,0.14984321481672908,0.24103477104124377,0.32469330334127705,12.412232650296065,4.881567453318181,0.13799912814086285,0.2331584830125246,0.3066312824540561,11.828890567840993,9.388260184917065,0.248207586517231,0.39128079484986905,0.5569346754567616,22.135241483554374,5.8593154360612365
