epoch,validation_mse,in_sample_training_mse,sdl_mape,sdl_mae,sdl_rmse,sdl_unseen_mae,sdl_unseen_mape,dedl_mape,dedl_mae,dedl_rmse,dedl_unseen_mae,dedl_unseen_mape,lr_mape,lr_mae,lr_rmse,lr_unseen_mae,lr_unseen_mape,lambda_median_min_eigenvalue,median_regularized_condition,max_absolute_score,dedl_ridge_005_mape
0,8.835517883300781,8.628876686096191,74.35086016875283,2.140151015127914,2.5635576727322036,2.442767771144723,86.44217076716136,13.615159710354325,0.38347620389717846,0.4850911151051344,0.723721764650994,25.44830178636717,9.319332950157492,0.24206257550444663,0.3891471111787083,0.5487622276477119,21.922695616949028,3.4156459848125336e-06,44173.99861145971,30.514369926544894,12.466515026233097
1,5.573272228240967,5.366550445556641,79.24651432538307,2.0506553302812685,2.5424600564316493,2.2471775683525514,88.59773112503056,9.454079997738162,0.2609753394372903,0.3707100920657121,0.5394877942475155,20.394672624057737,9.319332950157492,0.24206257550444663,0.3891471111787083,0.5487622276477119,21.922695616949028,4.776144822961527e-07,47399.39145574911,35.61518183580173,9.135219897029954
5,2.395873785018921,2.3405699729919434,9.154381206131568,0.2904820744680678,0.48389119306879463,0.38559677632096157,10.457956084376322,7.042965250995689,0.20029002963322645,0.3083260860048398,0.4223560109730437,16.2057545697501,9.319332950157492,0.24206257550444663,0.3891471111787083,0.5487622276477119,21.922695616949028,1.2246188100390052e-05,39055.82823092118,42.58404083163418,7.015242789601866
10,1.7329374551773071,1.7359098196029663,7.783710561229737,0.21996282019323235,0.3206831964574033,0.4443433189258326,16.35930059932483,6.539898209564657,0.18392879756779396,0.28528532458049854,0.38917146878108794,14.949015457916056,9.319332950157492,0.24206257550444663,0.3891471111787083,0.5487622276477119,21.922695616949028,8.257112532937906e-05,33343.812783850815,36.28164641232037,7.836041781620671
15,1.2771357297897339,1.2898248434066772,9.546313236650887,0.25770159130719705,0.3306220561698425,0.46864094246662463,17.81017078789624,6.019516991860803,0.16778203215253448,0.2629550095866689,0.3550169283316554,13.670715613340272,9.319332950157492,0.24206257550444663,0.3891471111787083,0.5487622276477119,21.922695616949028,0.00011705142148468923,31232.020107020635,35.12022107947345,8.447077563390538
20,1.0517354011535645,1.0391989946365356,8.88118411060241,0.24432584398539123,0.3437574554817574,0.48208125915183414,18.75628675917922,5.448324848944993,0.15123791141626786,0.24468297314921666,0.32407047122446697,12.48990884015969,9.319332950157492,0.24206257550444663,0.3891471111787083,0.5487622276477119,21.922695616949028,9.232000542475121e-05,32152.585678148047,34.611306329814376,8.585206570187081
25,0.9949931502342224,0.952346682548523,9.39524487702501,0.2513813548123866,0.35452606026578465,0.4955357467977978,19.818132516876457,5.141704363293849,0.14288771458312377,0.23754235563167866,0.3098954934673504,11.881554106846771,9.319332950157492,0.24206257550444663,0.3891471111787083,0.5487622276477119,21.922695616949028,9.445699762813286e-05,31738.045230750293,36.027097820892315,8.508826718045812
30,0.9720151424407959,0.9095894694328308,9.074143457061165,0.24345688559784653,0.35789478775033823,0.49515171072398,19.957962638272797,5.13269874609452,0.14329847236593407,0.2357649624875101,0.30843177519546466,11.755180036338768,9.319332950157492,0.24206257550444663,0.3891471111787083,0.5487622276477119,21.922695616949028,8.502873556689511e-05,32158.572496054556,34.37351819429249,8.538409887109225
35,0.955727219581604,0.8777293562889099,7.8864357061387835,0.2210458834813307,0.3528980429714587,0.4721591795859284,18.554291440402576,5.1191927410068265,0.1442964573182667,0.2329870333715159,0.30733442629170726,11.639187252868402,9.319332950157492,0.24206257550444663,0.3891471111787083,0.5487622276477119,21.922695616949028,5.7564364885125214e-05,32946.05399059056,33.29813361326604,8.56580259092742
40,0.9466739892959595,0.8584408164024353,7.697942388063137,0.22393111866714574,0.36195939088939827,0.47975114809406993,18.369660817612164,5.153209652402764,0.14553470764817414,0.23420041693014082,0.3093929844617836,11.728995826790339,9.319332950157492,0.24206257550444663,0.3891471111787083,0.5487622276477119,21.922695616949028,5.7810167544965495e-05,32932.69387237719,31.96675776900008,8.575011142006197
45,0.9440783858299255,0.8433907628059387,8.484208745872646,0.23539406395456214,0.3709839172700667,0.4863057254836369,18.995955820260907,5.1511700007615815,0.14624546970295965,0.23446499310774938,0.31043259087945274,11.762509144112588,9.319332950157492,0.24206257550444663,0.3891471111787083,0.5487622276477119,21.922695616949028,5.3441874908312294e-05,33022.47456066667,32.109972245417325,8.584247423891833
50,0.9380459189414978,0.828753650188446,7.957915469565786,0.22662479912624986,0.363868852945255,0.473526533276673,18.174622320246996,5.187933185877269,0.1474126351927965,0.23441308540362116,0.3112923625238266,11.7848842408705,9.319332950157492,0.24206257550444663,0.3891471111787083,0.5487622276477119,21.922695616949028,4.972831497813606e-05,33127.59930356289,31.77110527842577,8.596865535103964
55,0.9306566715240479,0.811137855052948,8.1852579434823,0.22488327643161304,0.36043161850095445,0.471193509914489,18.612220412039836,5.293009180340863,0.15055691091979803,0.2362797372135519,0.31524796025853813,11.906150402840488,9.319332950157492,0.24206257550444663,0.3891471111787083,0.5487622276477119,21.922695616949028,5.0759728161694434e-05,33209.68654719346,32.21738190840038,8.644766465554873
60,0.9237454533576965,0.7976805567741394,7.992081285502195,0.22709699526041807,0.36536570663513107,0.47900737384466735,18.492638992620932,5.330253688817285,0.1517468799843665,0.23807106656240634,0.3181225411894925,12.016933341994317,9.319332950157492,0.24206257550444663,0.3891471111787083,0.5487622276477119,21.922695616949028,5.3193343019160565e-05,32941.265658866716,32.25289673875302,8.645175488167581
65,0.9136404395103455,0.7809116244316101,7.84242588742921,0.22654685435115463,0.3643594824069315,0.48678815396479597,18.73002601346109,5.4831587799381465,0.1555268892026939,0.24321049582298226,0.3259476872502979,12.31845821066334,9.319332950157492,0.24206257550444663,0.3891471111787083,0.5487622276477119,21.922695616949028,6.419868353049003e-05,32605.735422445552,31.97047219077662,8.646422508436954
70,0.904159426689148,0.764025866985321,8.303762475292347,0.23474424171572814,0.37319302707912533,0.48481378812164205,18.624606184505982,5.625131619079009,0.15912855032583698,0.2457710785870405,0.3312131283464877,12.519618603679062,9.319332950157492,0.24206257550444663,0.3891471111787083,0.5487622276477119,21.922695616949028,5.480879165970394e-05,32801.988788271876,32.70465838936432,8.661235970517836
75,0.8870237469673157,0.742799699306488,8.241955867489263,0.22858615761384635,0.36742769530476865,0.47414455149236073,18.439121707005174,5.789997500438748,0.16340441089926674,0.24912848130112747,0.337592876669337,12.779384001193481,9.319332950157492,0.24206257550444663,0.3891471111787083,0.5487622276477119,21.922695616949028,4.895374238554779e-05,32981.831892240356,32.562101518048365,8.675721182403926
80,0.8677437901496887,0.7176810503005981,8.186660579411177,0.2240292325553821,0.35644129922832185,0.47840641908880466,18.916005122081877,5.858167778841925,0.16507687434312204,0.25249137965459123,0.3417053960469383,12.93686960589093,9.319332950157492,0.24206257550444663,0.3891471111787083,0.5487622276477119,21.922695616949028,6.378707566139134e-05,32320.313634897695,32.27700683519464,8.650409116634458
85,0.8228315711021423,0.6723237037658691,8.23232553351238,0.2283505048606714,0.3630559906891385,0.4867537645447116,19.3458434216625,6.112229060930674,0.17192363963884066,0.2615042292357619,0.35585054667525234,13.51925544899782,9.319332950157492,0.24206257550444663,0.3891471111787083,0.5487622276477119,21.922695616949028,6.602965956390864e-05,31987.98647444778,28.839527632922064,8.607766982018054
90,0.7721433043479919,0.6192314624786377,7.729565442142364,0.214645857489508,0.3516947130704298,0.45121789302937004,17.58596520008913,6.279842258374516,0.17708601272188645,0.2661017741086935,0.3645511225465903,13.784990886153587,9.319332950157492,0.24206257550444663,0.3891471111787083,0.5487622276477119,21.922695616949028,4.2754832415892595e-05,32691.492339847668,28.637930056171964,8.576297798521114
95,0.7156736850738525,0.5670416951179504,7.580966315240249,0.22041224414733376,0.355355674222801,0.46776023237721526,17.836872671405157,6.305993287347855,0.1778526353674708,0.2673792393136945,0.3666781439134908,13.816204624247666,9.319332950157492,0.24206257550444663,0.3891471111787083,0.5487622276477119,21.922695616949028,5.3811146530523585e-05,32103.91700384244,28.005114896189728,8.581882308909801
100,0.6515712738037109,0.5090214014053345,7.359783036699771,0.20948465695573026,0.3425159716221164,0.4483380559125994,17.078236125858275,6.589738301963107,0.18488889685290164,0.27609613642220143,0.3804142412489952,14.300060096913056,9.319332950157492,0.24206257550444663,0.3891471111787083,0.5487622276477119,21.922695616949028,4.869001884304581e-05,32634.994102237844,27.643928870661096,8.525630924769429
105,0.5964813828468323,0.45974934101104736,7.796956428061833,0.2255596324468836,0.35548121308770075,0.4415187383333982,16.28155537974239,6.501006380834588,0.18311042788773726,0.27559557691112996,0.37928838539640813,14.206921485922825,9.319332950157492,0.24206257550444663,0.3891471111787083,0.5487622276477119,21.922695616949028,3.773844363516106e-05,33298.49891177291,26.75053919424124,8.431137158544413
110,0.5393159985542297,0.4103303551673889,7.4003874755554655,0.2048123105481797,0.3390286053052052,0.4261942444935376,16.472359887231377,6.420352733849115,0.18086258991933532,0.2742113248928558,0.3763957811648339,14.041638005207657,9.319332950157492,0.24206257550444663,0.3891471111787083,0.5487622276477119,21.922695616949028,3.1603563794712626e-05,33859.075067651735,25.480964911521006,8.377279812198077
115,0.482847660779953,0.36313530802726746,6.914822927450774,0.19818033381803088,0.3287717865805763,0.41951859581887646,15.899040524274008,6.325012249197075,0.17870978840251192,0.27367679957709357,0.3747457064494024,13.995290907838864,9.319332950157492,0.24206257550444663,0.3891471111787083,0.5487622276477119,21.922695616949028,3.291107233083411e-05,34262.10403385438,25.135717231297548,8.33782467412065
120,0.4260786175727844,0.3178083896636963,7.389673661610449,0.1984404875861845,0.3172647689459049,0.4226056198118915,16.67029641880684,6.233927472365983,0.17612668227879727,0.27322583170973347,0.37266332595989216,13.915699969994188,9.319332950157492,0.24206257550444663,0.3891471111787083,0.5487622276477119,21.922695616949028,3.900524051483637e-05,34488.40272717596,23.97965120711274,8.291497283273127
125,0.36794185638427734,0.27231502532958984,7.2425505036127475,0.19985086368689917,0.3192955420818711,0.4284022727810657,16.675848496970975,6.144376711363378,0.17400606819284414,0.2732427612929547,0.3712059356060718,13.868094203657611,9.319332950157492,0.24206257550444663,0.3891471111787083,0.5487622276477119,21.922695616949028,3.9794001788534746e-05,34977.1156276136,23.367574202441105,8.198380195762107
130,0.31418246030807495,0.2305043488740921,7.269136170760142,0.19555721420986258,0.3062548371297169,0.4170547873202934,15.941423108333536,6.135384302865292,0.17385791955919297,0.27377392120594995,0.3714384269021256,13.839291367053555,9.319332950157492,0.24206257550444663,0.3891471111787083,0.5487622276477119,21.922695616949028,4.1829176805512466e-05,35061.39308383367,23.022216048998878,8.171867315828848
135,0.26988330483436584,0.19601678848266602,6.808042423113639,0.19603417926842656,0.3212967887946011,0.4194842261544682,15.933345518301053,6.1571593555296955,0.17515988342419322,0.2755755129502032,0.37429761476318046,13.941258361465078,9.319332950157492,0.24206257550444663,0.3891471111787083,0.5487622276477119,21.922695616949028,3.251229096272016e-05,35492.244937276926,22.977223692880614,8.120330500841
140,0.2357197105884552,0.17151448130607605,6.958840027592881,0.18824502632513965,0.3033049786745334,0.3985387003357756,15.442730427026014,5.997961040323179,0.1717877858026125,0.27425137086214657,0.3706068822116703,13.842460031625823,9.319332950157492,0.24206257550444663,0.3891471111787083,0.5487622276477119,21.922695616949028,2.775608356352156e-05,35607.90285067546,22.883969278986086,8.061338971093374
145,0.21358610689640045,0.15727035701274872,6.837459449449552,0.190275227157417,0.31241964749976464,0.40467781325729063,15.842088007191151,6.047342032534991,0.1731270716507405,0.2763711921590925,0.37443042258187303,14.044105436284687,9.319332950157492,0.24206257550444663,0.3891471111787083,0.5487622276477119,21.922695616949028,2.6312241943121124e-05,35544.143809797264,22.479796794308676,8.056530626893059
150,0.1985454559326172,0.14839380979537964,7.021233499506113,0.19430522079058252,0.31128651191140005,0.4147485981419455,16.007999646726034,6.014045742055065,0.17152128830001115,0.27501648382507804,0.3717664699765732,14.015438832578434,9.319332950157492,0.24206257550444663,0.3891471111787083,0.5487622276477119,21.922695616949028,3.365062610986925e-05,34970.21480680515,20.877050408750378,8.045012690057414
155,0.18731734156608582,0.1400081217288971,6.894860041022896,0.1886174517246005,0.30287529217782133,0.4006427442312383,15.33181505703953,5.962999796309311,0.17047894932613325,0.2738833076816377,0.36993808342781165,13.966118731541432,9.319332950157492,0.24206257550444663,0.3891471111787083,0.5487622276477119,21.922695616949028,3.0215848503117256e-05,35152.35833593678,21.087379345211602,7.998000894230081
160,0.18125282227993011,0.1353028118610382,6.771360943989962,0.19464939781095042,0.3134142037462873,0.4103624702295979,15.32465687033272,5.950314507008379,0.17014716503517802,0.27354196821673726,0.3693771215246682,13.966602260533357,9.319332950157492,0.24206257550444663,0.3891471111787083,0.5487622276477119,21.922695616949028,3.029161193958881e-05,35014.23675588214,20.28716996397693,7.946171240302205
165,0.17800447344779968,0.1327606439590454,6.531542548538524,0.1894591563696166,0.31284629714215684,0.39602556806118167,14.851315430233585,6.0302020863797265,0.17198870034803118,0.2743618310960706,0.37158400593962293,14.048860569746624,9.319332950157492,0.24206257550444663,0.3891471111787083,0.5487622276477119,21.922695616949028,2.390602675324837e-05,35616.625415379705,20.83537147658997,7.896808719310256
170,0.17323221266269684,0.12883123755455017,7.017711810712095,0.1886550488093615,0.29983980305074776,0.4011087142166154,15.5951680866562,5.886108596568533,0.16821376717983044,0.2710943810606335,0.36555817697536214,13.846948312057094,9.319332950157492,0.24206257550444663,0.3891471111787083,0.5487622276477119,21.922695616949028,2.8937852934855154e-05,35475.49362533518,19.80061330602674,7.855841438863257
175,0.16887517273426056,0.1251920759677887,6.690908128180373,0.18687115223749196,0.30276148909276807,0.3989530510856037,15.059536024132807,5.985294678475115,0.17046999989887396,0.2723828328892347,0.3685691026049798,13.972710945175503,9.319332950157492,0.24206257550444663,0.3891471111787083,0.5487622276477119,21.922695616949028,2.8192053135566944e-05,35802.923666675066,19.72643648404051,7.82268562964252
180,0.1666150987148285,0.12367712706327438,6.682422819278358,0.19013118004784266,0.3103829842903056,0.40537872561598665,15.64713920222819,5.946559966161056,0.16978275079858296,0.2708884834801637,0.36655973042419615,13.913635145879685,9.319332950157492,0.24206257550444663,0.3891471111787083,0.5487622276477119,21.922695616949028,2.601670618333179e-05,35554.59246961538,19.831250521628622,7.807175366108816
185,0.16373004019260406,0.11984959244728088,6.863456534392706,0.1912037850951016,0.305373541560548,0.41114307128421385,15.75347160625249,6.0370419996378,0.17141293129227123,0.27208856256572084,0.36898930021789417,14.008675046182253,9.319332950157492,0.24206257550444663,0.3891471111787083,0.5487622276477119,21.922695616949028,3.17886661878131e-05,35829.38398114926,19.290802751247128,7.779431320627964
190,0.16009433567523956,0.11750062555074692,6.601738678266719,0.1883275083068882,0.3039350482852815,0.40608782414141453,15.56290477418635,6.016372258691697,0.17085407956601703,0.2715606984760389,0.3681649400431029,13.982083180463048,9.319332950157492,0.24206257550444663,0.3891471111787083,0.5487622276477119,21.922695616949028,2.9382741761739248e-05,35715.333923098005,19.426370493208026,7.740558914190562
195,0.15956147015094757,0.11565099656581879,6.52862119875377,0.18535879131836858,0.30271448594371647,0.3978598083770771,15.211142655323451,6.001273721567633,0.17060095553891433,0.27075811391004667,0.3671897543048461,13.962489617188659,9.319332950157492,0.24206257550444663,0.3891471111787083,0.5487622276477119,21.922695616949028,2.4591663651950688e-05,36169.91151935124,19.51220009548427,7.68467170845863
200,0.15720754861831665,0.11307001858949661,6.4273522238491285,0.18094068388220239,0.2960931848540931,0.3870304152724177,14.771740267421402,6.03824931944301,0.1713595840953963,0.27106769805429015,0.3680394520399715,14.011652443322898,9.319332950157492,0.24206257550444663,0.3891471111787083,0.5487622276477119,21.922695616949028,2.2713804195027883e-05,36309.54150685789,19.457192245552385,7.657993525722169
205,0.15584808588027954,0.11133697628974915,6.660671366611878,0.18028603539899288,0.288033300943419,0.38509060608734025,14.898726584161409,6.010658641742839,0.1705055013599672,0.27034192119326667,0.366760084416351,13.974515232492028,9.319332950157492,0.24206257550444663,0.3891471111787083,0.5487622276477119,21.922695616949028,2.4789400053119022e-05,36472.839945254615,19.324461123187376,7.613483898242476
210,0.15533198416233063,0.11054427921772003,6.500756128062308,0.18310352647172431,0.2964247486094212,0.3933084383786864,15.009913368271944,5.910172130295628,0.16792125648028527,0.26719826136028335,0.3619375778888683,13.766221580596522,9.319332950157492,0.24206257550444663,0.3891471111787083,0.5487622276477119,21.922695616949028,2.4076065865606736e-05,36344.639629845275,19.06025688244488,7.553811568617444
215,0.1551404893398285,0.10978742688894272,6.848449800920283,0.18244492544608093,0.28741215819142746,0.3900684418072767,15.137202950329637,5.996190296848227,0.16943995444228363,0.26802060906623765,0.36376200799424474,13.85144750053223,9.319332950157492,0.24206257550444663,0.3891471111787083,0.5487622276477119,21.922695616949028,2.7801156655261314e-05,36583.66978287053,18.567529341226653,7.549501193494305
220,0.15307293832302094,0.10716620832681656,6.536234457848292,0.18137411505279058,0.29124960359121527,0.3897512117934581,14.974133613764835,5.920247457022474,0.16788948091929562,0.26661539926828853,0.36146111391804014,13.742313126226263,9.319332950157492,0.24206257550444663,0.3891471111787083,0.5487622276477119,21.922695616949028,2.4682450526507314e-05,36616.913203435935,18.621675292618832,7.487185802060272
225,0.15291059017181396,0.10641457140445709,6.526808193573555,0.18212473177814464,0.2927717071636954,0.3921359998396179,14.942901819806364,5.917617341323885,0.1673930923469757,0.265617666537109,0.3601336461462421,13.699357733402973,9.319332950157492,0.24206257550444663,0.3891471111787083,0.5487622276477119,21.922695616949028,2.5061997024573513e-05,36742.94118316655,18.505350152868854,7.436670749073976
230,0.15173731744289398,0.10471738129854202,6.5888986541952255,0.17767132557661663,0.2819615320869402,0.38142892899847025,14.670417538629193,5.936139716859268,0.16779599204938386,0.2665012796423393,0.36137051258386726,13.75899270575102,9.319332950157492,0.24206257550444663,0.3891471111787083,0.5487622276477119,21.922695616949028,2.4679554502196362e-05,37152.928147288534,18.43133132057011,7.392237729075631
235,0.1506834477186203,0.104328453540802,6.152749988475841,0.17586205771581814,0.2896634568293908,0.3783156223933221,14.51924996905564,5.925804550344671,0.16790487743599236,0.2668474925557717,0.3619108702037231,13.766139049445611,9.319332950157492,0.24206257550444663,0.3891471111787083,0.5487622276477119,21.922695616949028,1.955519682117426e-05,37165.64894939284,18.92703480443012,7.33016876225289
240,0.15024998784065247,0.10218781977891922,6.397781389939221,0.1726047407433695,0.27689707166772265,0.36901421302810616,14.194106969151713,5.882724870042242,0.16657686709365768,0.2652590494614434,0.35935274344109275,13.693545687886196,9.319332950157492,0.24206257550444663,0.3891471111787083,0.5487622276477119,21.922695616949028,2.0354657611315305e-05,37586.448532108174,18.57056767753079,7.29708987021053
245,0.15255677700042725,0.10374965518712997,6.211327298318046,0.17792362978379606,0.28797340074939065,0.38285376724393894,14.389625504714864,5.9774869929456385,0.16856444971752257,0.26679534992929776,0.3623907291076864,13.779829754820176,9.319332950157492,0.24206257550444663,0.3891471111787083,0.5487622276477119,21.922695616949028,2.246036467829834e-05,37379.84361806998,18.048611581895383,7.2673071093499715
250,0.14849139750003815,0.10013489425182343,6.429939195319687,0.17632722887716248,0.2830840977997933,0.38018261670081327,14.89576094231907,5.832268231248956,0.16511075509938156,0.26318270098006985,0.35632204925120564,13.576976338046713,9.319332950157492,0.24206257550444663,0.3891471111787083,0.5487622276477119,21.922695616949028,2.1256745560767882e-05,37518.78090148727,17.839431156647723,7.227961551945357
255,0.14826537668704987,0.09906086325645447,6.020710281168502,0.1727111510541821,0.28541370302509106,0.3689283311250689,13.920630851864136,5.828810810075273,0.1652359722231426,0.2635030125774154,0.3569350372579247,13.570938176311653,9.319332950157492,0.24206257550444663,0.3891471111787083,0.5487622276477119,21.922695616949028,1.692115463140698e-05,38005.05955956062,18.276940270176425,7.145486805098454
260,0.1481747180223465,0.09856393933296204,6.065747405876247,0.17561964449152842,0.29008359698735,0.37750606872546194,14.330006220182426,5.778720219399154,0.16394791487193044,0.261958143572671,0.3545286117130915,13.480861269217371,9.319332950157492,0.24206257550444663,0.3891471111787083,0.5487622276477119,21.922695616949028,1.7688664712727905e-05,38052.52076985283,17.923243613981334,7.108393201951794
265,0.14726223051548004,0.09758717566728592,6.1910996821707425,0.16530095192872515,0.2668286693098986,0.351692708881245,13.409658693260537,5.833816961456824,0.1649071975264282,0.2619206868838086,0.35516177721450853,13.511218785306522,9.319332950157492,0.24206257550444663,0.3891471111787083,0.5487622276477119,21.922695616949028,1.6617458713109682e-05,38344.98787719602,17.99434807896921,7.112600034878272
270,0.14707878232002258,0.09669818729162216,6.058717050416518,0.17338696261023354,0.28120316342968954,0.37324118172370113,14.02240710715737,5.710712158289194,0.16232894009553295,0.26047087823303666,0.35213249146042375,13.383536151439145,9.319332950157492,0.24206257550444663,0.3891471111787083,0.5487622276477119,21.922695616949028,1.9027267228171353e-05,38195.588943407056,17.78709564982735,7.0283385156852045
275,0.14678700268268585,0.09650133550167084,6.54505548205373,0.177230027452392,0.2753592283111621,0.3752259954410486,14.642173637882966,5.770076516850726,0.1633068570692115,0.26140391605996843,0.3536291231136334,13.470652381798615,9.319332950157492,0.24206257550444663,0.3891471111787083,0.5487622276477119,21.922695616949028,2.137545583218579e-05,38221.18518489106,17.344195911105928,7.015399066386436
280,0.14875240623950958,0.09739156812429428,6.066461795751757,0.17095146999286626,0.27980921453596475,0.36911753180308216,14.198881510231196,5.626729893556051,0.16033506901914896,0.25790748840651423,0.3482201098228601,13.247454077571547,9.319332950157492,0.24206257550444663,0.3891471111787083,0.5487622276477119,21.922695616949028,1.7053341943429437e-05,38625.896712120884,17.793423306656507,6.948469763491261
285,0.14513006806373596,0.09386670589447021,6.093442666898345,0.16744349512251627,0.27258033172980106,0.3603555052149874,14.18385478134036,5.680529593464452,0.16147739258042412,0.2591672141509245,0.3503419751106877,13.320390649800693,9.319332950157492,0.24206257550444663,0.3891471111787083,0.5487622276477119,21.922695616949028,1.601439444194904e-05,38656.42018751113,17.841887101365067,6.916944438068849
290,0.1440008282661438,0.09310612827539444,6.125502732191469,0.16746904807784319,0.2696930067575065,0.3611775337602616,14.060762624169474,5.671136769433689,0.1610387448687971,0.25807931153866526,0.34902574493331456,13.267069552745356,9.319332950157492,0.24206257550444663,0.3891471111787083,0.5487622276477119,21.922695616949028,1.7311885617592964e-05,38742.811849719204,17.494451033186984,6.898174927354717
295,0.14486759901046753,0.09296946227550507,5.991684735322404,0.1664520016063542,0.2717823354132781,0.3585149229605073,13.782030235879358,5.747750614834877,0.1628028685310253,0.25886452731310405,0.3510310922082371,13.351407534477467,9.319332950157492,0.24206257550444663,0.3891471111787083,0.5487622276477119,21.922695616949028,1.5762771493945032e-05,38963.08580779105,17.432132590257726,6.888064391478917
300,0.144210547208786,0.09208586066961288,6.025607580257144,0.17433583438318592,0.2786414199375273,0.3634542139890467,13.328907860370155,5.669938024212786,0.1611454560517049,0.257678377737297,0.3488457384407762,13.246357090545585,9.319332950157492,0.24206257550444663,0.3891471111787083,0.5487622276477119,21.922695616949028,1.6269150170529098e-05,39039.8617205756,17.55601114860314,6.813618359947045
305,0.1433527171611786,0.0913415402173996,5.913838116566836,0.16836360633784533,0.27336169638527974,0.3616020764389893,13.533303271105247,5.607966404714924,0.15950592151152612,0.2562583479607124,0.346344039826705,13.152084961315285,9.319332950157492,0.24206257550444663,0.3891471111787083,0.5487622276477119,21.922695616949028,1.630865434756175e-05,39121.5946009621,17.601803507196813,6.764198021926859
310,0.14267286658287048,0.09072556346654892,6.1478869064875115,0.16628244816064136,0.26331433735738874,0.35547524262978375,13.960287344637972,5.598858613813016,0.15923848213139197,0.25513078718543997,0.34507409527870986,13.11587964495709,9.319332950157492,0.24206257550444663,0.3891471111787083,0.5487622276477119,21.922695616949028,1.6229372140299e-05,39128.23054627953,17.311421554466346,6.774136499357522
315,0.14319662749767303,0.09015054255723953,5.872220079192427,0.16550783976683953,0.27184567950283306,0.35788132793077826,13.83802701858547,5.576932107545063,0.15871155053922,0.2545863213359758,0.3442576204609531,13.050344143423137,9.319332950157492,0.24206257550444663,0.3891471111787083,0.5487622276477119,21.922695616949028,1.4388877113421485e-05,39449.767749534985,17.238481143917532,6.710184240527623
320,0.14400403201580048,0.09051281213760376,6.0375538995536955,0.16185507151591486,0.2594460417536711,0.3477736218439475,13.28806650519442,5.579580414200356,0.15856308421734727,0.2541617265744946,0.3437158122243587,13.05761056730205,9.319332950157492,0.24206257550444663,0.3891471111787083,0.5487622276477119,21.922695616949028,1.545261986757471e-05,39596.9967279532,17.103290398293396,6.689021490890592
325,0.14364416897296906,0.09001462161540985,5.789097920885992,0.16938490484442909,0.2764875484898635,0.3650046164169362,13.783193266923805,5.467080279370258,0.15606433394477828,0.2524640588491575,0.34048400517125416,12.911004710622587,9.319332950157492,0.24206257550444663,0.3891471111787083,0.5487622276477119,21.922695616949028,1.55859694353007e-05,39681.81524883688,17.341531638176274,6.60451817353853
330,0.14393731951713562,0.0897761806845665,5.67315300551336,0.15817261885825504,0.2597962970067789,0.3376131073813209,12.555517374544193,5.633841571176731,0.1596443509182762,0.2543059728851538,0.3447587203988034,13.064280764635539,9.319332950157492,0.24206257550444663,0.3891471111787083,0.5487622276477119,21.922695616949028,1.2670210362662998e-05,39895.877158068826,17.60363105836715,6.632452709890924
335,0.14145460724830627,0.08795331418514252,5.793340620613618,0.1611066633237846,0.2612234648941775,0.34858117441049785,13.292624636693859,5.5447602915370195,0.15759446081256887,0.25303661382315273,0.34219473304872094,12.96084079439012,9.319332950157492,0.24206257550444663,0.3891471111787083,0.5487622276477119,21.922695616949028,1.4440439211603092e-05,39909.51149588893,17.148770850642784,6.577277276361235
340,0.14354924857616425,0.08855137228965759,5.83793476310616,0.15886439939097488,0.25806926993311635,0.3423243650679398,13.365093552430876,5.563914404745445,0.15809313666072947,0.25370082919640885,0.34319131533936975,13.0153471153031,9.319332950157492,0.24206257550444663,0.3891471111787083,0.5487622276477119,21.922695616949028,1.3374038467757069e-05,40372.80825137727,17.281051181309916,6.535961149761289
345,0.14179086685180664,0.08720014989376068,5.669617200281829,0.16295473560041443,0.2708338318587784,0.3489758803676783,13.275362527650762,5.444870612329626,0.1555155094983988,0.2502768713019385,0.33809265521947757,12.816152630632738,9.319332950157492,0.24206257550444663,0.3891471111787083,0.5487622276477119,21.922695616949028,1.2163230654695695e-05,40306.80730940285,17.381003319501364,6.502223823463614
350,0.14230883121490479,0.08646262437105179,5.988651805900709,0.16630174971335965,0.2722801612699497,0.3516307567811731,13.662498392876751,5.450605191302523,0.1555589222202524,0.24963943877814573,0.33755573588042576,12.77340985672344,9.319332950157492,0.24206257550444663,0.3891471111787083,0.5487622276477119,21.922695616949028,1.2064783889583346e-05,40417.990563899875,17.196954551452432,6.479104576259867
355,0.1414797157049179,0.08644173294305801,5.699277084728597,0.15953292782062167,0.2585504182856755,0.34601571824132166,13.212965854900693,5.359561516787066,0.1533638238601849,0.2478115547986415,0.3343340226284173,12.630549317288825,9.319332950157492,0.24206257550444663,0.3891471111787083,0.5487622276477119,21.922695616949028,1.4083397152179752e-05,40259.085066125255,17.03006353582223,6.440176638825094
360,0.1413252204656601,0.0858035534620285,5.589829809075915,0.15700826804481177,0.2597298648731476,0.33760324388517615,13.126901852343204,5.382645769201235,0.1537622236646364,0.24807634177581991,0.33486664200761024,12.66832059457093,9.319332950157492,0.24206257550444663,0.3891471111787083,0.5487622276477119,21.922695616949028,1.1409229422410572e-05,40606.42652196168,17.220468713219876,6.404877987418285
365,0.14350274205207825,0.08673620969057083,5.651510937926583,0.15615212985412422,0.25398978813720496,0.3370482484169002,12.679055662419495,5.302778569610167,0.15186589249735713,0.2459749034751674,0.33154140150850925,12.52163524231819,9.319332950157492,0.24206257550444663,0.3891471111787083,0.5487622276477119,21.922695616949028,1.29379619283833e-05,40814.63071742479,17.111132980272263,6.3624724000896915
370,0.14099420607089996,0.08445435762405396,5.596826869441464,0.15721105666561233,0.25720810962673574,0.34096402223156846,13.024873142364266,5.3976628687310235,0.15419159721030123,0.24790732723090206,0.33519632336201294,12.668612177731397,9.319332950157492,0.24206257550444663,0.3891471111787083,0.5487622276477119,21.922695616949028,1.3087652140619923e-05,40864.436331077566,16.904791108547094,6.356674046037085
375,0.14121125638484955,0.0841667652130127,5.574481095051246,0.1573363424423516,0.25668633810309516,0.3420903357509008,12.952508082330619,5.3526540907266,0.15279205759598602,0.24644450966452863,0.3328281961172251,12.568314131630961,9.319332950157492,0.24206257550444663,0.3891471111787083,0.5487622276477119,21.922695616949028,1.3352202754559727e-05,40834.955071803444,16.938995735442962,6.310340043284965
380,0.14377477765083313,0.08587204664945602,5.939874755231984,0.1579267970365281,0.24957750483741517,0.3368575383368381,13.136098675344407,5.30217359387166,0.15161083293837688,0.2441264061026895,0.32972880444162717,12.447878759500972,9.319332950157492,0.24206257550444663,0.3891471111787083,0.5487622276477119,21.922695616949028,1.3466010150375357e-05,41156.774375118766,16.585084119109066,6.306455528630231
385,0.14126642048358917,0.08398851007223129,5.428395382022757,0.15519256511542526,0.2559979102221201,0.3375095731713242,12.877190549290631,5.37449446588341,0.15347145965995818,0.2461445440069621,0.33308205990684464,12.57455809511735,9.319332950157492,0.24206257550444663,0.3891471111787083,0.5487622276477119,21.922695616949028,1.2179873445751793e-05,41142.80885765387,17.12647893882068,6.2829656155322
390,0.14169014990329742,0.08311344683170319,5.572490678207775,0.15772194591410799,0.25339660305579254,0.3353212275617432,12.339018194572294,5.284095672100618,0.15115611441665797,0.244383726464017,0.32964928672760163,12.447459245739052,9.319332950157492,0.24206257550444663,0.3891471111787083,0.5487622276477119,21.922695616949028,1.2928991339873647e-05,41361.2189254102,17.20499873280364,6.215063318820924
395,0.14115364849567413,0.0826636552810669,5.749549216518065,0.15550815723034078,0.25253585882394664,0.3344335394196681,13.46634585312062,5.266074408861363,0.1507958690716704,0.2433074752935608,0.32843607327586843,12.399025099128181,9.319332950157492,0.24206257550444663,0.3891471111787083,0.5487622276477119,21.922695616949028,1.1438247880498057e-05,41511.142059352,16.853759138453043,6.21222367888044
400,0.14141327142715454,0.08215298503637314,5.586641617797969,0.15399139160946687,0.24949325315649554,0.334229624090776,12.789704415983849,5.251048494147609,0.15015914822140333,0.24197468479999248,0.32659308848817825,12.309248245534455,9.319332950157492,0.24206257550444663,0.3891471111787083,0.5487622276477119,21.922695616949028,1.2732640672803623e-05,41480.63352929396,17.014792064148885,6.177854758803926
