fold,treatment,true_ate,dedl,sdl,lr
0,000,0.0,0.0,0.0,0.0
0,001,3.3512654005770894,3.3810593303408747,3.377491825988684,3.364754674405953
0,010,-0.7719542256791229,-0.7601412392321895,-0.7335716913019907,-0.7554887722370167
0,100,1.4636734900265953,1.4687918871526635,1.4964435938096978,1.4503808560440798
0,111,3.994833319336571,3.983122007731726,4.017400988669812,4.059646758213016
0,110,0.3974445494502544,0.4852415972594989,0.5456819720066343,0.6948920838070631
0,101,5.581823544044963,5.04732700481537,5.036696821802668,4.815135530450033
0,011,1.9881642505285197,2.2744773492639045,2.312336668361792,2.609265902168936
1,000,0.0,0.0,0.0,0.0
1,001,3.3512654005770894,3.3471171491598195,3.338132897965069,3.3317564103913364
1,010,-0.7719542256791229,-0.7404305313097119,-0.7436144217575608,-0.7522892034869471
1,100,1.4636734900265953,1.4709370957765162,1.476060490969555,1.4278721371117014
1,111,3.994833319336571,3.98877517540258,3.954937444793799,4.00733934401609
1,110,0.3974445494502544,0.5067601854047848,0.509841460598883,0.6755829336247543
1,101,5.581823544044963,5.059695887458086,5.011045420328683,4.759628547503038
1,011,1.9881642505285197,2.251896473182764,2.24592469239004,2.5794672069043894
2,000,0.0,0.0,0.0,0.0
2,001,3.3512654005770894,3.357221755291652,3.400901852031095,3.3408642261597232
2,010,-0.7719542256791229,-0.7581720142860687,-0.758915959521049,-0.7680872192096493
2,100,1.4636734900265953,1.4471588237981217,1.5076713862440432,1.438012586029732
2,111,3.994833319336571,3.9623242723612866,4.019767822630908,4.010789592979806
2,110,0.3974445494502544,0.4703829261918369,0.5233208925811962,0.6699253668200826
2,101,5.581823544044963,5.026489199520097,5.080066714382818,4.778876812189456
2,011,1.9881642505285197,2.2559339213082104,2.295683867123908,2.5727770069500737
3,000,0.0,0.0,0.0,0.0
3,001,3.3512654005770894,3.350214678666902,3.367775003245133,3.347004325928622
3,010,-0.7719542256791229,-0.7314100247120271,-0.7453467210700059,-0.7749640305615269
3,100,1.4636734900265953,1.483561610783116,1.4880857060755857,1.4266942348868592
3,111,3.994833319336571,4.004685047788056,3.9871117736687816,3.9987345302539543
3,110,0.3974445494502544,0.5332263476398197,0.5248767697286235,0.6517302043253324
3,101,5.581823544044963,5.031134975268459,5.0122558293923145,4.773698560815481
3,011,1.9881642505285197,2.281473149026985,2.2938531878698303,2.572040295367095
